INDEX,BBN,FNB,WTF,TC
330.0,50.0,70.0,30.0,100.0
329.71680636650063,49.811429309080573,69.673735164478629,30.008168317487907,96.682606329274563
329.26783040675775,49.76523061247493,69.634700444299341,30.162498119587625,95.309528843507891
330.12602372153481,49.810686275510861,70.179375493232939,30.1273183190292,96.394489845324756
331.39843454951097,49.925233664968374,70.655724519728892,30.023014842199974,96.554658922349319
330.39590818936745,49.846772120394725,70.59959547218844,30.075063595247872,95.173116995827485
327.7342678870404,49.806200941335611,70.45131850231067,30.098550899205282,92.373989174226637
328.093890595662,49.856451204727072,71.163190611831766,30.04611130695028,92.857404070791162
328.82904284679319,49.928452450775396,71.435477835402949,30.001875830054953,94.535104511905217
326.83894782627442,49.730775551408094,71.35473337816336,30.051021161797863,93.299635800741711
327.995585929387,49.780643801792998,71.454115987794196,29.950571145635742,95.166845786591054
328.14777215949681,49.822096662319581,71.911038883439659,29.93111657384231,96.392120133461972
328.05774486797281,49.654058428735368,71.805170305638967,30.028902588858198,95.355155256026762
325.30548114854673,49.588786251054024,71.242962601621812,30.072448622929212,95.210541188487781
326.41660833977988,49.602782047837515,71.556522137005402,30.024893101147061,96.132330186159209
331.50696243363234,49.773185356058676,71.81583768546794,30.019362258877806,96.791600957874451
333.86467664537457,49.775806285379403,72.086289818442339,29.918783327460641,96.89311259569223
332.85327971991569,49.772066584657146,71.77375787576392,29.935932415270717,96.179497152414513
333.44082982667044,49.841247130980705,72.564638508945109,29.894671013761752,98.174710228737098
332.96315105720043,49.805676903961469,72.359943054752875,29.979990949136322,97.44119421974483
332.76614494755898,49.728575092708382,72.042205992294143,30.054951758289388,96.916883839150287
333.45852899775633,49.766885732787841,72.557983443029613,29.999622505688968,97.594881018641971
334.57989398573943,49.911923953100953,72.992499964224123,29.784688583825034,98.692578632539082
336.3410130101347,50.004638788513709,73.007114368923339,29.773038757961672,99.614474577059013
336.3203704652185,49.946235184017041,72.962824652298067,29.811532315893515,98.88122747830441
337.5164095681555,50.000400797202914,73.186822120489765,29.761612106025247,98.96532608249683
337.00093198104514,49.939337977438115,73.118982709006602,29.778554880642083,98.350411014103756
340.34021716692769,49.966668239327198,73.452741034384388,29.747339823917713,100.07034418091931
341.90181681421456,49.998133593250472,73.75997259551383,29.676676390903211,100.60544716361335
342.31602519110515,50.077882412590299,74.014700727466447,29.628662907120354,101.70235057212284
343.34231516192114,50.098552708206924,74.662924868585549,29.569197740974552,101.73217601765749
343.09256847607952,50.080721439050954,74.387454075870849,29.767926499626505,100.62013900097068
343.97147162363603,50.088965351023695,74.741876879659301,29.747509136844016,100.87513762471386
342.99592182938665,50.01298956592565,74.5014762229372,29.780794427621114,100.52524803723104
342.37840257964422,49.892303256830132,74.330536662326395,29.796554742340344,99.239821217867558
343.43037495950006,49.949461163595963,74.490415773860761,29.670930658124998,99.749108216250292
342.92726552773479,49.910496008386858,74.397843098532604,29.696409004734509,99.23780916081337
340.97794789150674,49.778524946906444,74.242415791463259,29.698829194244759,97.414119454993397
336.79118865562191,49.749465222284847,74.059423516295638,29.827050799684262,96.959427056867895
339.35515377598182,49.876633966755598,74.252378297052175,29.753243504775931,98.143665586599198
336.86018879483748,49.849949365720448,74.23008042866006,29.849898575742582,97.735682884963751
336.47791150992941,49.769876739253746,74.175813533450864,29.889583765277646,97.334204152427063
335.56605822743057,49.664976392267739,74.158858254499037,30.047047614719528,96.047930023772324
333.85877888334591,49.509528566905352,73.79103672660996,30.200497257906211,95.327768846255836
335.25514952960407,49.534407044058305,74.202778436360717,30.183731987734106,96.127626583428423
334.97440976606327,49.50738030800197,74.167343655377877,30.261940460595358,94.897028847577161
334.81112273827148,49.479429770721694,73.634105042405366,30.269056960827044,94.131339157239253
335.46976479812093,49.528874916777703,73.733892524633347,30.15813734363153,94.855257407301494
332.82310816629854,49.401502522932979,72.882350085877832,30.224777487976183,94.634629581559835
334.87306794726908,49.438863287243521,72.896553301148984,30.142946847015011,95.953715474894977
334.99639464666291,49.457320968863392,73.375578210001308,30.057715253095687,96.981712085850162
334.03877533319076,49.404517536385335,72.761886897042842,30.07871753673377,96.203401121054782
333.93137911798328,49.387762807275735,72.737888107816005,30.154766465808326,95.305924216735022
335.66404381646015,49.419854016297869,73.036760860472938,30.076711753714438,96.342319408541883
335.20682734721242,49.397356974585655,73.02504336641087,30.151567728621337,95.785421570649106
335.05139224214764,49.37411553408711,72.490068212608449,30.21014390335441,95.295012654831623
332.77470176244196,49.344773596529315,72.418418478884661,30.234905226664534,94.624335305027358
332.4668639877666,49.291581692518974,72.170170315187022,30.349658251230931,94.027377331227996
333.70598769176695,49.403124372279436,72.214111465187102,30.263995548231549,94.069115427048899
333.11089232939554,49.362289739527071,71.923216180943186,30.274948556378199,93.555209306096458
333.26942928993003,49.407095528630435,72.24661594184299,30.200996057533004,94.129579873039845
333.28407133896513,49.427058869762156,72.799944011823399,30.139399929124661,95.083023036858634
335.56940600725579,49.509243260510743,72.881004969459752,30.133105798176526,95.434069594394018
337.74372947400946,49.608120895416633,72.973752297719656,30.095841252186389,96.341184903637085
337.44624858677719,49.596828266465351,72.673725749332363,30.253714873047855,95.856839147965871
336.92382408736461,49.548092085724846,71.734647643295418,30.267475598218134,95.570081690357483
338.41383921108581,49.554608678408904,71.798025574498709,30.241907958685651,97.744341952948972
338.03488713508671,49.543419052288151,71.536188659982997,30.277005834786735,96.030323330218508
335.51468632329733,49.467453946823049,71.425477564400282,30.478763070093652,95.312721102263836
332.82707666138595,49.433568256169877,70.662238971791041,30.53437298075762,93.877179383261876
330.87744177832116,49.42164556535414,70.624391325358175,30.565560874552528,93.325204947991878
329.99588987798222,49.414849433992231,70.483250359894143,30.644028724969694,92.107321099621927
329.4046645748698,49.4017795609372,70.347152891375799,30.646886348046426,91.876510325346374
329.12059353886121,49.337415661716996,69.367590245166198,30.7616227265361,91.728763023951402
328.38409064818882,49.311945528683346,69.291215407060193,30.794951792982197,90.557392360282591
328.03148444255328,49.273888300622701,69.011960136235999,30.876284982781602,90.091284693592698
327.48601894115131,49.210082384271118,68.831159323791326,30.912838052459037,89.173765122379024
328.96961188041496,49.316071223189404,69.408287335188973,30.853259181507781,89.511453978820427
328.09759796384168,49.286493251689265,69.05186531654789,31.012776853110882,89.506165487912327
328.5070629897865,49.302020317984145,69.669182981738786,31.011383553526422,90.214119058561778
328.57723345189123,49.342831009533342,69.889374460961108,30.912764603318767,91.62646034616435
328.8025233836504,49.363298052536628,70.082878113563893,30.877455193302861,93.093026772050663
328.8990219784601,49.391331306414848,70.815776069153657,30.819441101292675,93.91491427581758
329.72980882675103,49.433331142514042,71.247100388038007,30.807258554961344,95.87449529934112
329.95057029519683,49.517710414801705,71.471650989833151,30.757080825290689,96.519232918880064
327.7813276581432,49.484037586244703,70.95736602420213,30.809222330805003,96.141077560579873
328.18450993069359,49.59220122882185,71.010996720569437,30.750162591154485,96.544644462977402
327.79157768270125,49.425749460446895,70.822295590092267,30.757209558033317,95.176705254578266
325.70230693885958,49.346017071440187,70.771260952238919,30.833310786147983,95.062558376273969
322.3107457193347,49.327060356678992,70.359126650063303,30.839626573090939,94.939204982360337
321.46723490564574,49.297979307066683,69.977574967722887,30.964427311828967,94.665724369865117
320.79794532682087,49.274544681829319,69.375705789801913,31.028103914330227,94.070870062834871
321.66030162868663,49.316510814932798,69.792176558300824,30.995290380722153,95.203779256175352
322.03498961228132,49.390844737855979,70.252088998983183,30.933075334548757,96.163426692603622
322.55581383549298,49.493288025754481,70.42962486699075,30.793448802106244,96.766464929621748
323.18874339578235,49.524887245051211,70.437942968916076,30.739155418139855,97.25141940502192
322.00457650006035,49.361813800802175,70.400250863899885,30.844268167810458,95.955515991009207
321.66739974512973,49.225342660849044,70.191005362456139,30.856767286567855,95.836774710774876
318.62722889668623,49.217378188094294,70.090782086235663,30.999169515820689,95.448080778649455
318.10899358569804,49.171577065391205,69.252406913570439,31.083306935208249,94.460799919781834
317.84948021839006,49.141755686904872,69.08471519049823,31.240884565607146,94.118168303251352
320.06593591606338,49.166651298350153,69.169414106993514,31.151927132323294,95.45971629912961
319.32736264973704,49.135458858835676,68.899745412258028,31.191441544998547,95.253024561984617
318.99766397464475,49.067626503126341,68.29462680688475,31.275536143183942,94.911650839400721
320.01520792899868,49.144918014598176,68.757857414692737,31.259653209718909,96.057937581698937
320.16673204138954,49.259775413287791,68.796034944615627,31.246895232864777,96.986376145256116
321.131812192067,49.288863551357899,69.162555106633391,31.165775225508771,97.125681651566296
322.11336960710327,49.391336138313491,69.568048111050715,31.102535525667683,97.481825545104243
323.73298897611312,49.41812442801784,70.133950697243634,30.972299396573291,97.754237262263516
325.59007252525709,49.463666952275567,70.326718149116388,30.867476149829802,100.07022012425422
325.96342177020688,49.560100083919536,71.002543710709205,30.800729244690125,100.76417490733269
326.22702653191612,49.606943119488115,71.026483378804187,30.778181382598916,100.81781292101472
326.65747496673367,49.617575131284077,71.399652209709515,30.736079876489903,100.89294987033308
328.28032661835965,49.729764856662271,72.012970126838113,30.722096556706511,101.49256336515955
328.09859940502668,49.703563951749821,71.817540307570994,30.756620122649281,101.30854330763761
331.02884157684269,49.764246902684405,72.270009721170865,30.649681020297024,102.90318762434943
330.60910814055075,49.73578243109332,72.106671370361511,30.661189620301801,101.07038018456946
333.23986467023167,49.76542315668609,72.318137282634083,30.599177617214931,102.57528177813602
332.51151252554286,49.745734901264541,71.961119485072388,30.634483682776434,101.96336999350845
331.67964579737566,49.714702215084124,71.924739581954483,30.766648276720588,101.0689754875099
331.6223241764182,49.658355883929069,71.683493306109341,30.830860772644137,99.942272208829351
330.86766305623769,49.604911676885123,71.612917026238108,30.913565678258141,99.593174681539068
332.41895545369186,49.764890913498391,72.088854546029893,30.866120977259527,100.78143766844963
332.64774178908874,49.811417733041154,72.318020514209977,30.699999311015706,101.02084901337069
333.42404479506052,49.893091034398736,72.661322670955443,30.691211985776285,104.11194439813873
333.76921564258839,50.002245100385764,73.13613834312406,30.621233173970136,104.55310975425118
331.53893406718856,49.861064131624403,72.37848404124837,30.656017187945348,104.52076476680733
330.84976480931169,49.846734444045573,72.227661873031778,30.708745865508853,103.51374014914111
329.84625634692446,49.739555034557114,72.192026374991386,30.71876577079636,103.35868254913288
331.28565503173962,49.767774853259731,72.395227700008363,30.564839379597977,105.39356935343356
329.34119471561468,49.613097704964801,72.032370454110193,30.628137316164064,104.34288998940333
333.00005916700582,49.62050190256533,72.153124470251683,30.627371219317762,104.48175293803909
331.30729552561041,49.536573673362135,71.773021751113149,30.67678067598511,102.96371347363504
332.82729548681021,49.616101947483429,71.918317918876625,30.594093107603587,103.41076952733519
332.10600286997851,49.584768379691418,71.580377451017455,30.64123964768217,102.62042251946977
330.47072226908483,49.555397372069741,71.370453158846175,30.686686197106972,101.20329244539718
334.5062178333082,49.658160353940104,71.764049446139182,30.634526218439586,102.47902291626502
333.4076037190988,49.594944226283353,71.233839452552061,30.648364622995558,101.16755639046669
333.77717511462833,49.620607056638363,71.682572942417835,30.608522590705654,102.26082144144645
333.78219766201295,49.620936297961705,71.897639692642727,30.598861070212553,103.72846685090929
335.72314780621713,49.626219267529692,71.9885557355217,30.559425159654708,104.7636486055811
335.42922862562887,49.606530141493707,71.412570318012612,30.606922987404644,102.85315800366838
338.38457897153376,49.664275990874295,71.43745884252138,30.582378313984769,104.16635108730927
338.51965759739807,49.727076054468213,71.852088582278824,30.578335709051888,105.04508381370236
338.66825744257847,49.792142918020652,72.128440825699272,30.559210971457137,107.21694542545617
340.49029670098173,49.83965830465003,72.327322708849081,30.499686224207757,107.77741217067545
338.24948657950267,49.817661103677082,71.688423470815493,30.613549335649861,107.62139521658325
339.5774642305891,49.864959891379897,72.38326695344567,30.392996844220232,107.9848964154172
337.45574265490518,49.820839604845382,72.176490466989279,30.491756036507113,107.57877200866351
339.66685173568112,49.831663231947651,72.252916994126792,30.466259094816969,109.46050156366655
339.47045441953884,49.776061816015194,71.703934910561529,30.577716536329699,108.27031506335982
341.08819445412178,49.810965540246386,71.902761895550526,30.565792919730221,108.43610958425354
344.1979418192891,49.847254035586793,71.938602428898406,30.333966204497706,110.11146656287525
345.01639449173229,49.848711955738693,72.113444449348208,30.27861739334551,111.59555708293485
347.37977304301916,49.895447704140814,72.153169001440347,30.199652867027829,111.77314068181215
348.12432215572574,49.92537718274712,72.298650546488503,30.141410545544144,112.50920692409913
347.15998539823164,49.839154146292479,71.753500723913888,30.174041966774436,111.48335618202196
347.87074337914214,49.879994392203926,71.809615912286176,30.108459030823933,111.99434510643924
349.05994519608868,49.945090522866828,71.927787748276174,30.035510382592406,112.72838406184016
346.10853524301717,49.839454715633877,71.807090210843626,30.116971341807602,112.34859594731974
346.10508244423022,49.771272719373819,71.731013027834265,30.167507364092327,110.40781288002117
347.48051412860536,49.861542857025405,72.10962263903771,30.135067417951365,110.54185187777752
346.3517285633975,49.845311797983904,72.015182671301829,30.212615645681257,110.0895258812816
344.61408105164895,49.772772517647169,71.873997772025618,30.260454526256829,108.28265263516528
345.73136443024418,49.839621282564025,71.985583194258211,30.223860981011548,109.1964359136996
345.3164115050518,49.789185138568513,71.725845929058494,30.297705053575712,108.9037792183112
345.75219214318872,49.805021756959164,72.138579743904856,30.263885855945404,110.39835438808699
345.5102287965891,49.706896013966208,71.561388499596745,30.410097493330596,110.14750369976716
346.92256075284803,49.771492499799017,72.143557578895027,30.397220697635397,110.21259154230849
346.20686209373935,49.771465047255127,71.974882878554922,30.563544342493959,107.91108021798479
347.34583722457484,49.833950784191011,72.216344934329442,30.433645495977647,108.55229716844373
347.3133227452816,49.812079895357655,71.843657124352831,30.517372391625507,106.33707127440499
348.00103514917964,49.878798268782347,72.039416838675692,30.428374001921153,106.70150652020583
346.8296848765907,49.86075085041243,71.593236177480108,30.526598438473577,105.34530773983515
345.60976633433114,49.822070387385509,71.468865984664092,30.534569242548073,105.22499763792426
343.83991562491258,49.81593247738396,71.365473335775874,30.545465905845958,104.71134314507194
346.66415421879026,49.926250171599548,71.713853244422623,30.508360321866487,105.60691754256091
344.97485374029628,49.923470794515865,71.363892582617439,30.645501112166325,105.34782326532199
345.52272553413093,49.924784321529586,71.812911141443578,30.608358677556968,105.9631441983266
346.24467067099835,50.036378678657989,71.90529448426183,30.447889002902816,106.09753227935261
344.41571832756711,49.933636254627444,71.500151852431884,30.505307179959519,104.87313840707525
342.08696105614234,49.843695380025245,70.854390821188318,30.508445795019771,104.10276135893113
341.15482630000758,49.830802553050532,70.52373072388437,30.511082594843568,103.79232606534529
340.27203039681382,49.823464879337642,70.204603607511913,30.566412032267507,103.35115759706916
338.61529022072909,49.769329021195077,69.72135284822356,30.644942180927558,102.5079685103608
337.36978040897498,49.764790642812109,69.533372897742723,30.704467231381415,101.15588656786912
337.47648029677521,49.796298108502327,69.729185942699274,30.586788758916022,101.39964264114217
338.87329010407018,49.834905805821208,70.049588256117318,30.580808891393769,102.42992814791553
337.13042079479277,49.766808458593154,70.038589151999162,30.799341412967124,102.05216352062909
332.93252805804747,49.725441668327605,69.861656248357846,30.93001724684353,101.89929693526211
330.68676127168897,49.703333948394643,69.77051027342246,31.133645588306482,100.66266058918222
330.93483280454279,49.742161907013582,69.850592613621686,31.077298199839504,100.99684687870152
329.22217283106824,49.648523530513728,69.744745600136241,31.090176817771091,100.85426821104113
330.47801611268102,49.694349260452583,70.136830199971257,31.056068591489513,101.92422653523099
331.60596139130126,49.776069013026586,70.159260254507913,30.820806704281978,104.42343159485283
332.81670695378313,49.811770967940255,70.262174554591297,30.680615531524008,105.99178700367111
331.96664744094437,49.757860460080899,69.625207451093047,30.734378119082002,105.36497672715315
331.69069490990069,49.741791769634467,69.074035190379988,30.839135609727215,105.33938159708521
331.08616773394544,49.689265366292652,69.047737685070672,30.850116766543394,103.06701171493467
330.19350541628916,49.61887962042244,68.82230431443223,30.881569086320745,102.83542470427105
330.84034970649918,49.631203643020704,69.055048724972764,30.852997094682326,103.11292222050616
332.17004595897299,49.680141586022209,69.151835614925844,30.784257964598897,103.61725551789753
332.13858730997578,49.669804760564887,68.918014542600844,30.785598598781398,103.39344129455785
335.57247883850061,49.775444844318876,68.9568656694033,30.547236330826941,103.78200195946279
335.93187245418108,49.837170268346902,68.999771016313474,30.407595152330881,104.49296270440196
334.25672792852293,49.67282622081995,68.665099975636252,30.502711548081034,102.43588247055044
336.07383120081539,49.689143339783705,69.264346290330664,30.359664936506569,102.6517042108371
332.38645523642941,49.598404366182805,68.951407228473414,30.422119227707746,102.15572691700669
332.8591311825756,49.636881070110483,69.046437599118519,30.414032549943954,102.80631209371798
335.07576409393039,49.657881051648204,69.621736629437549,30.366494720404667,102.8424969389657
333.35952452684012,49.536167980837995,69.178290682661228,30.401718275709673,102.21749917693394
333.90469073967756,49.591592622435563,69.57583554731049,30.389707694559824,102.85914273369217
334.3033017392126,49.594871026840742,69.664211397069749,30.319486702650366,102.86047404404903
334.24643110133047,49.455853671359804,69.209033013914819,30.360707887903381,102.5300386197711
334.48542568605058,49.468443630009432,69.419730425477425,30.238815995667188,103.87846307580848
334.56329007528893,49.475126072121192,69.506954422230663,30.181248215991832,104.59068883528926
334.30700725471206,49.433676721541964,69.457355363880851,30.21399768493702,103.74622701863008
334.02161327412023,49.423581129306996,69.434313521810893,30.308070049836765,102.09494730637729
334.75212903595434,49.480610232862766,69.802464609032953,30.248140028210067,102.22969595192615
333.52697729692045,49.432826640783325,69.453775183646044,30.326683948354017,101.43914287377105
332.26873880227589,49.360535164301695,68.483487544574544,30.384770494898,100.45406708549697
331.86474046637977,49.329560099899915,68.455693719820331,30.399848437732778,99.720912649032215
333.65687704626777,49.382856369365733,68.559126623651281,30.396887733793246,101.96960355714022
334.06321805435846,49.397053673624342,68.592326660100312,30.357563569805144,102.71421855901627
332.98275387104906,49.390436304541765,67.942650603424511,30.477793847773444,101.34744392678647
335.30052682585188,49.451161129672386,68.103220980982755,30.369564803843907,103.58589283936151
333.56100529089895,49.338197374769607,67.462507934285341,30.47901317494776,102.98849937137999
333.85123779448219,49.394213359709902,67.635379620851339,30.368093348983358,104.17913595680798
334.58919725904616,49.403240240292263,68.09287620826737,30.35128361402688,105.13422338272966
339.77322207431013,49.423818913703165,68.253040412372101,30.24290976208324,105.47325664490653
339.28078739062204,49.422317827344827,67.879657602865692,30.356419356813568,104.54231824559224
341.89606186180674,49.536760644549247,67.919019963826969,30.3140578678473,106.05857027783038
342.91432131067199,49.554454206870368,68.134849761288891,30.263606744061644,108.16415515164624
341.95932548817314,49.484727759456433,67.813746642657875,30.423985548991162,106.72113310680193
345.45320514698648,49.496977046890201,68.245675008992976,30.364610703550504,107.45717517634921
346.07499428810183,49.507976363799742,68.289972810339179,30.238778126565155,107.94863048840249
348.35646719986744,49.635580623155896,68.511454339315122,30.193572514522096,108.67279827580685
347.12618353606194,49.606182204236518,67.973339605279719,30.25642468719391,107.51586124166617
347.57439071003944,49.618463996415926,68.286501579320813,30.230962348547251,107.67291721711165
346.00920326653738,49.60566848471499,67.939338911744983,30.265324781351872,107.58632985205428
343.18865824715004,49.540204574998803,67.832569427985931,30.289992180326987,105.28232277313865
345.13056712318411,49.556836849876163,67.910501788522282,30.185866855311758,105.54903741210646
344.75135916502023,49.5177388013078,67.290054862593564,30.351058012179493,105.37073458784549
344.15575251196975,49.327296480516694,66.709812572885042,30.374143638628762,103.70546854486197
344.09154720823801,49.238876340658706,66.470493200297312,30.401066655889252,103.44415555217239
341.62316814729957,49.21364724975853,66.23218703310026,30.559409703628514,102.75838719002779
341.01934772680369,49.167192582226861,66.095038538865964,30.674096756405174,101.98167767651915
341.22041975214455,49.264852783642588,66.132468819445322,30.629151428783857,102.00760790989722
342.56807570942811,49.352006592073081,66.334828781476304,30.458285628399928,102.01850831058483
342.47729992432147,49.292730125058767,66.214855583927843,30.499331499317481,101.83169105647978
342.21502222676679,49.195836497245907,66.208450689726035,30.596266703292144,101.00093691502386
342.38952820930007,49.236375175704403,66.618103126785641,30.48456432725996,102.22079017272571
344.59076216159639,49.288808407988085,67.101272148288871,30.420678985531339,102.9695378027715
342.082430209427,49.167798745190282,66.653661397331689,30.467452806616663,101.77691968878581
340.05322694155365,49.120271834049554,66.518451433396208,30.662129757696462,100.58562990839054
337.90364081589507,49.015235530833088,66.219760236054611,30.679877680979939,100.13986881885219
339.69932342465165,49.109746088375807,66.617390632439054,30.639639837773853,101.27163517609705
339.12847985257082,49.065432315346399,66.286858195658013,30.806482558424996,100.54963994461734
340.00511947854778,49.170710105253256,66.687563654954914,30.658518398976454,100.71634565513669
341.56865978638672,49.194875120457475,67.078222261042455,30.538649665845888,101.7228225000314
342.92782253900833,49.226715894629542,67.32827319083168,30.494359644403936,102.54651912224899
343.58399646224763,49.29578492236687,67.502182247846207,30.45756577218468,103.84164911529707
340.97936149601958,49.220731152004149,67.026343391007984,30.490727416354339,103.45662244801544
343.02741902187228,49.34471666889565,67.197035922814564,30.442453064266527,103.56070029706213
343.38295592531983,49.408545298533198,67.211098236100867,30.360930375136952,104.79912156442133
342.42544880751802,49.370086695946156,67.013387616864946,30.41796845081814,104.52727856111028
341.13510659097261,49.275456378470693,66.746242444134879,30.485808294334969,104.19233146571062
340.42488015606489,49.255395188224348,66.109577230008242,30.544790178308986,103.78643565821788
339.17216096072303,49.224789253219427,65.88917351636249,30.594217663517107,102.33862668376918
339.92868521514339,49.292798336264717,66.312043751934553,30.581802895440116,103.85613263449491
338.67214216613769,49.225327370357533,65.717230354055886,30.58746642400293,103.02598820447638
341.36898663086743,49.230775475494646,66.164197076126868,30.509054436259063,104.39815025211436
344.25963484966968,49.383108235238346,66.321857928493927,30.426164578016067,104.50842573673589
343.5406707516583,49.332314992868746,66.29347872477625,30.553573428522764,103.74585355914286
342.84072258166145,49.280778230733432,66.158523563353626,30.71851026623899,101.81815344055903
341.89919701902255,49.251670008864899,65.688052422116797,30.7967059652442,101.03128813878386
343.17027175403194,49.26934944008643,66.116133475715358,30.683947268946486,101.92773976182001
343.02246953228797,49.240581334922517,65.666114705449516,30.752382317178885,100.60525053576769
344.46364861893665,49.29215125534386,66.369861325207523,30.642394588627294,100.90848812532165
345.10763380272982,49.366903706541763,66.449819389225581,30.473804243802569,102.30137322520363
344.88120715258486,49.288700981377282,66.066942447527239,30.514543304177703,101.86560310246391
345.63182208492549,49.342858697085035,66.204415626228908,30.448161098623565,102.04839580616803
344.39864465700111,49.228059397925009,66.119685584578804,30.527871413928153,100.71789309090875
347.43263890357872,49.231082389836722,66.391333066411477,30.508372463406623,101.77586813641473
347.09474395046863,49.124123437785663,66.275045865566781,30.55288832031799,99.958650161710793
348.12165976678688,49.17581869236713,66.468456770136854,30.443609988052319,100.8463727167677
346.88206669919856,49.057473637898461,66.328794277986802,30.504690476144024,99.705127433404982
346.20159382935049,48.975250969482801,66.256111041355197,30.6226563782201,98.630098104014579
347.92668963872853,48.981797348882459,66.37996332334717,30.606890307575934,100.90675621210126
347.69209580276839,48.917305804980103,66.377058203263275,30.614838913650054,100.65856373344315
346.90378329237626,48.728454318963252,66.332121125396128,30.629929583954695,99.838451352546258
349.52013510983102,48.797414044966793,66.642810112603541,30.4457042026526,99.8534001132154
348.8145862774611,48.64170967047103,66.456832710359492,30.559019381306523,99.151282660851791
349.05390534055914,48.687093197774587,66.598941241227095,30.532262975102189,99.552054694880681
349.60188812229757,48.783351807216846,66.775473656559242,30.365042042708954,100.40698774049983
348.52246092439248,48.756662119248986,66.188244215425229,30.414625487287299,100.05218704027403
350.2085278840832,48.804193931084491,67.07796747027669,30.271492818950126,102.37304906967475
350.90154128338315,48.880495728826787,67.098781659452399,30.218700603210582,102.53624286231738
348.1411043657784,48.846297379243772,66.859879262826297,30.26178586403114,102.30602629184133
346.70828226859322,48.803799596575402,66.752350568602822,30.299841086658322,102.20964884337455
346.56555940766475,48.778234709580943,66.404916165749924,30.34285076213709,101.88750488423646
343.7466645775238,48.695834641880062,66.284155717077923,30.432048325678739,101.18023542378882
341.63143166222829,48.638959818350628,65.565694386624372,30.542185146481653,99.538360427321962
338.9805129220145,48.5356581088868,65.372410576699721,30.559084521648177,99.2428732769622
338.39254280292886,48.522864785139888,65.207348596320557,30.593174299570244,99.129753158710585
340.06455482270547,48.557688870798195,65.23894594730308,30.442170704341475,100.26698126077285
338.88115098612246,48.521990052240696,64.970741371943802,30.443931635040975,99.109300196493294
338.37526206814448,48.521206015910479,64.296021297192112,30.565727581669332,98.992101570687765
338.49123822523137,48.529846541896376,64.668110004749281,30.56567813694209,99.973373307783675
339.0630600807645,48.552651793199843,64.896377498642096,30.469835796925238,100.06001949737818
337.38481406710468,48.506666791374819,64.835389240150135,30.535126195124612,99.767546597171062
337.14377496136842,48.461080254227227,64.369051773743664,30.544948528154446,99.677826601286426
335.99095684070232,48.34840792688567,64.250960576821484,30.675261513284354,99.312039444484569
337.37319871590751,48.383762069581891,64.333901042397457,30.599337867269711,102.43491942514866
338.41117050532415,48.387268581142315,64.450315341946848,30.556223602087577,103.30557700649933
336.27163935294573,48.285155858380335,63.875152890238823,30.608518009915301,102.6068922333582
335.82734923161644,48.181323668146312,63.333771110138763,30.64250826873279,100.50885288393813
337.7225068689458,48.245554991376608,63.450841580701905,30.620957215666508,101.45726451101194
335.28997769909279,48.185911954146832,63.326209820055979,30.67151223600434,100.90257123226934
334.96186979454598,48.145928068192774,63.22829595880485,30.698647146843435,100.33364795422526
335.93902749220359,48.227160211168034,63.310540873229797,30.65666835907215,100.88061041434273
338.06666547552169,48.285426788121789,63.495618832996435,30.570250991065915,101.25259410794693
336.97353215336659,48.262928635118072,63.4234390816125,30.581068374087987,101.21404620408252
335.83323028880915,48.244649216144111,63.407985994610186,30.630488052262507,100.24559212432298
334.25476557522933,48.159420011623681,63.361989199794756,30.701242543401939,98.226212818408356
333.01771160217771,48.123233987356045,62.588808729177202,30.758247199338616,97.79356846634245
332.99475080357792,48.111694039386023,62.248724885820785,30.945789844733653,96.887223297662985
332.64888124211001,48.027965760920857,62.227908384490185,31.059966999651781,96.244865055902906
334.18880192519487,48.037596309278378,62.651931722724875,30.949246299540125,96.844863957260955
335.54971967508556,48.169081330439191,62.724705765226069,30.804577540266749,96.845733483840178
334.50241421827445,48.007536929666848,62.689527046077608,30.870514523739825,95.658185385123787
335.55738222912146,48.151282784368476,63.145525949591871,30.852643090455647,96.18665530143052
334.56369226509048,48.110060908858813,63.021921738682046,31.020725737124156,96.169400838112267
335.00354096764198,48.252054196965013,63.198539330070666,30.951583605102687,96.285429352483234
333.07572268199073,48.236112420984014,62.965804190453397,31.005939816056951,96.242979953481097
333.15687264157378,48.295930087757895,63.143469527292801,30.892249515763645,99.02479565718555
333.57926596230914,48.418678803364742,63.261211751775249,30.87546660466257,99.810736854839718
334.8092242659315,48.499567586157497,63.453969622821774,30.784807648590746,100.58185756596976
333.72228989188767,48.476483571471682,63.114362195458483,30.800196761353188,99.798924280718694
334.45874507280621,48.490480434013627,63.55195407223772,30.645570325599543,100.18130701990383
332.86818633048097,48.425822446239152,63.518651529280042,30.755573697111981,99.82094064700398
334.2142151396697,48.442101839920383,63.722221732453718,30.633596497383618,100.00379210070298
333.3157308534233,48.303068733053792,63.366480251233838,30.699605878044238,98.907143811169647
333.91764846255705,48.3437968544741,64.002761033429607,30.691170011353421,98.922696263552851
336.51232161398048,48.368906251644702,64.119992984747398,30.608994876255057,100.52242700475628
335.56474134098488,48.31941826505961,63.65059764206508,30.707223940063475,100.46029540452099
334.26483636213425,48.204642366732962,63.381877694470248,30.770738306607626,100.35537630892226
332.89803018486538,48.198048933047282,62.932103874004127,30.864729388673176,100.0574129179262
334.08179243582197,48.228272685899888,63.056112634456632,30.623557674364747,100.72748550577985
333.77484187469662,48.175896335515652,63.044534718434264,30.709052997876537,99.765613389606614
332.54258191907473,48.136303224047587,62.569418698595385,30.870544223373045,99.154183619867581
334.05980563497747,48.165706260689575,62.817955558986931,30.765021769758885,100.08760997255924
334.59384486029006,48.249595073537655,62.918487772270012,30.527660148259525,100.63831133768268
333.289408253391,48.200585809528995,62.819865003239265,30.560912138632006,99.031760464892031
334.74499994560881,48.209488752117181,62.84582258019725,30.394489677180133,100.79219682034622
334.33335504449883,48.147036822604115,62.815279822471538,30.448271435632581,99.591665206938274
335.28422782914009,48.257309569331028,63.429213482405061,30.438913833802669,100.70584601395089
334.60975656710622,48.174391073689847,63.358563775607429,30.541446617268747,99.836833382976266
333.683589987755,48.145473810555814,63.233696559201398,30.690647649391646,99.345119348720644
331.33365417751958,48.090626520277489,63.218471216524428,30.727567881270602,98.453096861066498
330.45791757181024,48.039770064315704,63.101979022731619,30.744300244396069,98.161725229946413
330.43270358843284,47.993734913461523,63.017494527095771,30.790944681708577,96.484791199384929
330.88043576652353,48.048016092438637,63.108793660333504,30.751102653348084,97.037322480043116
329.33749764389393,47.943709875074077,62.916651582545249,30.82266442414781,95.48940217363463
328.78524552693392,47.880021144976126,62.627096322283492,31.040407969351065,94.933086373423933
326.90578442854587,47.832639892274194,62.271441538391379,31.04185081372918,93.476796173755901
327.84566848396838,47.861720164759262,62.410237621713122,31.038627211670594,93.957121842105735
330.48143474107741,47.875736493159629,62.623630376935104,31.005012924471909,94.027213077492263
332.76999012500914,47.915333735511453,63.114605630998156,30.961614903266813,94.047938876468919
333.42719196633425,47.919366566274114,63.325654158602561,30.82899258224905,94.116775932260111
334.84799326347337,47.926414303056077,63.742071854038429,30.82172921073364,96.394268722770235
335.14439710848598,47.991486337518971,64.037738539672404,30.727732234064277,97.364927023553193
335.72424187126444,48.045081915031794,64.486180847369425,30.673871813892639,98.390006148966464
337.92250048292584,48.089912604192989,64.606204087397032,30.568028197470795,99.011876505177497
336.87009547628941,48.085709400021713,64.525196916548822,30.657349480540002,97.865282083297913
333.86140893378615,48.053397107966994,63.778275508857085,30.729827747389958,97.202202889449225
333.64795543257748,48.047213891397064,63.562054465695688,30.740926401766899,95.486886265646348
336.62622899343961,48.051812295710207,63.951694707093758,30.623370213855921,97.07326814944544
334.31585106797201,48.047755607308815,63.425049010006724,30.675962124406798,96.456451170698315
332.86425784877514,48.008832847732947,63.39290551372207,30.81514922307321,96.277573256334676
333.14922058418813,48.064893007737304,63.483720211957888,30.804897417670919,96.628478691456834
335.98608438668191,48.162572712921254,63.61449052870784,30.757699758235233,97.123929772811721
335.38669220824306,48.088265017076878,63.517869409778648,30.757834982561256,97.085222259640219
334.3876842026886,48.049293866564838,63.500985244003111,30.845945549265572,95.879618457886863
335.33478813209098,48.112764170651133,63.536464641648614,30.843493056903128,96.004879712495267
336.06697102825439,48.185783124541317,63.57403650943634,30.793916443171675,96.651124163444024
337.49978976119758,48.265599527303422,64.04863371832657,30.719974401568539,97.179402707402616
339.40175887163474,48.341085392008345,64.155304989604389,30.699701627095891,97.219677837637263
341.33959645472834,48.362730287285565,64.167337559574761,30.627664905842707,100.01952497210971
340.84477723729918,48.31765876727129,63.696712351114023,30.631014378064847,98.539918869395777
340.97956684996154,48.327451335686405,63.851059262256442,30.414954615832283,98.6700560220292
339.25121900512289,48.234027359516588,63.706618604118532,30.537797069304627,96.99652101677934
335.31451262715905,48.149930431544476,63.40812243078566,30.687872421300245,96.109059066093721
336.42713503160797,48.233053900087484,63.599477038470773,30.618342425220103,96.350953429734446
338.30633245165598,48.292504197596372,64.114307241221539,30.583009724877407,97.199292487494063
336.93234522749765,48.291076775248015,63.718119114779732,30.629642281203481,97.083366926085048
336.0899379351435,48.272889784721748,63.618119973095311,30.683605801420931,96.596849273243052
337.38796040160577,48.297525076893301,63.658603548307731,30.609940306774671,97.454999317207296
337.04794223762934,48.28584155338671,63.610244026507914,30.69979918925409,97.415176467772184
336.58623563165565,48.17558706355706,63.456211302219465,30.729956735152381,97.292709629521951
334.82783885939057,48.11795196882229,63.315730846241166,30.797678457258652,96.931177587891781
332.70444794540623,48.062758722879131,62.973919401406484,30.800405559143591,95.336324007646994
332.77213166328721,48.144753026373841,63.17439777289789,30.706777690642092,96.190705335681798
333.94219634106372,48.154761397061641,63.251372670443686,30.603908365871529,96.601959408008526
337.02666799580516,48.242950272574078,63.285346649570393,30.487689860759438,97.129700924744242
336.62820416295267,48.144856896838597,63.189017884546857,30.512158852156361,96.069907802628379
336.40256823891633,48.069868715953177,62.558216086915088,30.543356445790337,94.405513373515561
334.69328661585052,48.034974840431005,62.19549042607045,30.555568000886765,93.217196990396744
333.88670763896283,48.022395805216014,61.918860042643928,30.692879301124723,92.81809513245409
332.98475106378231,47.895048761970443,61.748735108576746,30.798089479254504,92.646280508956636
333.03943201065937,47.956142152859172,62.195776065057643,30.684815938102076,93.209610079436317
331.39481350113175,47.919316510508004,61.603718197912343,30.720181228136237,92.292578494676789
332.00559533754279,47.977571521176706,62.722241637645411,30.563734591367712,92.639619916124175
327.49826534435164,47.864227491794168,62.516329443494193,30.640689043926226,92.387837352125871
328.4146180010876,47.891781865903027,62.547877709867279,30.59388234746622,92.759544982001245
328.53142345831702,47.940429184848568,62.698545009617497,30.46617990860792,93.325300176429224
330.53876785786463,48.01541336006656,62.752476676057945,30.351120256715582,94.399072948861587
331.07930588818954,48.117971393196235,63.339202571416109,30.32934301961842,96.18385622964486
330.22592688291439,48.068297846847969,63.187967118474255,30.393687239429529,95.994366350715623
330.6945720664271,48.160505158132956,63.342569151800134,30.367044950125088,96.277095754542259
332.62288765751174,48.181279513249414,63.568917506550683,30.354013280770044,97.446746746889019
332.58638424486298,48.153896891412465,62.876159598134038,30.526089156863673,95.854221469140072
334.69989304144804,48.171371900890399,62.997703627841034,30.414966399243436,96.0457117699912
335.46238851416467,48.216796188420986,63.240927890539183,30.346709927346531,96.669874624882397
336.62601188496285,48.276333248065498,63.613148893895797,30.251422663758017,97.074685498305868
334.75812559405563,48.250007789264075,63.554125188087248,30.27678658506877,96.318297725254752
334.085286415052,48.242494214969014,63.047908718888976,30.302126922759378,96.059577529995238
332.04161159126943,48.185538174519891,62.84187258166758,30.360606429752714,95.530889487178186
332.17269257671433,48.358153689288379,62.961164744912672,30.224560532744075,96.406391599958624
333.38764610318412,48.363811740397331,63.302534496170779,30.137841002117206,98.469640800283656
332.68822956171709,48.354930911143533,63.199672711029841,30.150600789794524,97.734877330138275
331.49146470992258,48.305826848615375,63.108450855087348,30.166389052689439,96.465665241643492
330.72937170894107,48.207153855211487,63.02448058451494,30.177794123644684,95.808921172038026
328.25741950350334,48.202780004284513,62.955561473865068,30.206794600317707,95.118027984972613
328.23799320640762,48.150934233532411,62.240996114957049,30.248730023992991,93.659352279792458
328.72661307042353,48.241870429697379,62.445357802116476,30.144644602328771,94.546083522948791
329.37782058985124,48.277500456928436,62.556016971161121,30.00006032874408,94.64737107003603
329.80190263900812,48.307598171938437,62.752802725922542,29.949615547972893,95.355148172186944
330.23181241398362,48.327728653764339,62.942400275284001,29.761104781520853,96.071250173605236
333.96619548329681,48.335621839745414,63.52702049471101,29.727044075653797,98.65947167062987
336.55783841615522,48.350077522749906,63.729846550270352,29.698041126266027,100.42915429227486
337.49531806791987,48.413135921743802,63.847294233053717,29.556803938965594,101.75805217711009
335.90294895475773,48.274998360960431,63.506128203580282,29.565490200060289,100.49750914038198
335.730651303939,48.258379310964813,63.454194579903465,29.731125516211684,99.718745767653871
338.16856065791643,48.395153549678199,63.685388439822042,29.70629291945728,100.00659984256734
339.94612780951866,48.429790547629075,63.799955617447367,29.686115091533708,100.86707684094442
340.56305951965561,48.44506019026187,64.137136795621288,29.582438786040335,102.05779216784198
339.00142572791071,48.407733428272323,64.060503593802622,29.633205697437159,101.4614885568258
336.60632981563572,48.396829396797806,63.573972965475569,29.65340287608803,100.22440573577028
332.7842802978949,48.287717557265466,63.559608640601709,29.714701618416679,98.742230493705108
